class,database_prior,measured_precision_at_5,query_count,tolerance,within_tolerance
none,0.8524501300954033,0.8536000000000001,2000,0.014286128762744729,True
Center,0.024826539462272333,0.023282887077997673,859,0.009729632063188753,True
Donut,0.003209019947961839,0.0036036036036036037,111,0.011404687462599525,True
Edge-Ring,0.05596993350679387,0.05557851239669421,1936,0.009448592310854372,True
Edge-Loc,0.030001445504481063,0.031791907514450865,1038,0.009664487534553068,True
Loc,0.020779126915293437,0.021448467966573816,718,0.009801397201137698,True
Scratch,0.006895056374674762,0.006694560669456067,239,0.010411902510378013,True
Random,0.005008673026886384,0.011560693641618497,173,0.010757212091329422,True
Near-full,0.0008600751662330153,0.0,30,0.016240717356269654,True
