epoch,train_loss,validation_loss,train_pixel_accuracy,validation_pixel_accuracy,train_fail_iou,validation_fail_iou
1.0,0.4741715835447542,0.3376000994584013,0.8001006502115366,0.8626370045105212,0.04216548986265115,0.06334027341622502
2.0,0.3453874284568835,0.33534763098625336,0.8567731375544956,0.8635959076524741,0.061156268659279256,0.06955796219130017
3.0,0.3364050207611054,0.32005627547638327,0.860328398210435,0.8707323753185106,0.08490894069401303,0.10029793861303772
4.0,0.31899904435266146,0.3012790820981922,0.8743201326791908,0.886436521350485,0.19621645624075756,0.2300939515357851
5.0,0.30231199909637957,0.29176599753445825,0.8853352559388478,0.8917585702469998,0.27250131873100397,0.2710526502342925
6.0,0.29120446408798606,0.28131152132653725,0.8905490064808738,0.8960615136445833,0.29850369792811476,0.2810780113413341
7.0,0.28274070568901055,0.27857784757131265,0.8942991950912947,0.8978529752486437,0.31206237354820765,0.31931524129716743
8.0,0.2767303549291134,0.27058807232457127,0.8966415808702888,0.9001685987074635,0.3213932457927632,0.2873746990111578
9.0,0.2716919808221896,0.2652812836771044,0.8986018932091459,0.9022127496712149,0.3271466258569376,0.3145326567822363
10.0,0.26857166402160665,0.259984939092577,0.8999178171291956,0.9044928938743219,0.33096825392788015,0.3279990842223424
11.0,0.2613708219127183,0.25631029815701656,0.9024742665801379,0.90591061924626,0.3409172916478899,0.3014311138566533
12.0,0.2575615607572277,0.2517946244128809,0.9039061492856976,0.9075015668666776,0.3465816940993952,0.3173052657122058
13.0,0.2547294641891206,0.25098848920765626,0.9048963997749859,0.9079101401960381,0.35047240220242837,0.3132855740155442
14.0,0.2519452679638967,0.24691708214469554,0.9058893970179777,0.9090881799173928,0.35461620944518274,0.3454311109858996
15.0,0.24961072702736875,0.24537065445632109,0.9067738517104584,0.909603672632747,0.3585294970906121,0.3426715618394298
16.0,0.24834600566264145,0.24378370861463908,0.9072496352311082,0.9102638115444682,0.3607621674720687,0.33815672626905074
17.0,0.24634151343174507,0.2422585036068513,0.9079804090538862,0.9107661400110965,0.3646968986013852,0.3433096509284403
18.0,0.2459481955440769,0.2409096505004835,0.9082089389620054,0.9111817770836759,0.36636689286224106,0.3373545874967632
19.0,0.24362503453466072,0.23995033630890888,0.9089736351930199,0.911567874866431,0.3701074115264681,0.3444905455367145
20.0,0.24246110567205198,0.23919439313836185,0.9093828099363632,0.9118192799091731,0.37250428221174836,0.3468342789637843
21.0,0.24167068208189366,0.2385993263654052,0.9096407301091084,0.9119554175057537,0.37427080468884893,0.35457442236505626
22.0,0.24056559779866202,0.23798390483407428,0.9100570921913088,0.9122699146186093,0.3763780273400624,0.34548979601703805
23.0,0.23938638901768627,0.23760686512009477,0.9104912623933528,0.9122514525624692,0.3787961500520449,0.33713864332036636
24.0,0.23927873253721738,0.2361562344494098,0.9105715591599475,0.9129173709004603,0.3794407420922238,0.3557684137714798
25.0,0.23824658099692556,0.23641179393001358,0.9109323910381117,0.9128581317811935,0.38149869467412956,0.35728735637671283
26.0,0.2375661337798115,0.23623993683170963,0.9111704888049643,0.9130987806694887,0.38288421438959097,0.3477256720985016
27.0,0.23717413935164183,0.2353649863395451,0.9113344242218263,0.9132774612650009,0.3838838846854719,0.3583056275626342
28.0,0.23637377693285175,0.2349077903154393,0.9116388103113866,0.9134821492787276,0.38569292752965634,0.36155124495000146
29.0,0.23582018682998274,0.23452613683891751,0.911800090533002,0.9135155415193983,0.3867260904461109,0.35334276006468884
30.0,0.2353102259747244,0.23404201650852713,0.9120066464114944,0.9137069047447806,0.38785971796553936,0.35800370326255265
31.0,0.2344620946271545,0.23405151848394817,0.9123372639989218,0.9137215138500739,0.39004485035033526,0.3477733783057144
32.0,0.2336124130335217,0.23442338112102964,0.9126077734594741,0.9138847826421995,0.39173915064326026,0.3695971445917303
33.0,0.23351208732920786,0.23412022191296866,0.9126296101514157,0.9133339712107513,0.39194437723235387,0.37794838955169163
34.0,0.2325347608352454,0.23267737959151635,0.9129203998101444,0.9139701897192997,0.39414359653481124,0.3555141762990549
35.0,0.2318083365868163,0.23214611039729216,0.9131414219248079,0.9143171158351142,0.3953194971589461,0.37161795285821664
36.0,0.23157731974670326,0.2320971788519134,0.9132200248599522,0.9143909640596745,0.3960926514306622,0.3700231100158071
37.0,0.23077829903595537,0.23055048980897888,0.9135583791369773,0.914743669601759,0.39791262336706273,0.3683195113918745
38.0,0.23009501329153223,0.23135530001608023,0.9137439681288674,0.9145044655700313,0.39935338106317436,0.3740334544559598
39.0,0.22977115269474435,0.230804214702612,0.913874805163604,0.9145169876602828,0.3999948701589129,0.3788947791730511
40.0,0.22918383740817722,0.22962295670278485,0.9141139100734812,0.9149271663858294,0.40155779411684545,0.37360474704291446
41.0,0.22882784851916663,0.23177937120958592,0.9141910022940887,0.9138945755589347,0.402052494242871,0.38738873392951173
42.0,0.22835588483979863,0.2296777657580262,0.9143705942070598,0.9150080783536084,0.4034319686702083,0.37271042172612373
43.0,0.22766351966390283,0.22918043947868513,0.9146380822385384,0.9151114658679927,0.40502233714058306,0.3738402682706939
44.0,0.22764739939325102,0.2290965932265681,0.9146128121044674,0.9152362051516522,0.40496501037008825,0.36953203681403335
45.0,0.2265920063416819,0.22910964558063007,0.914967555345256,0.9151018334908763,0.40710239054648256,0.3621352596691256
46.0,0.22778517518038152,0.23227548106375562,0.9146451322397103,0.9146958287954134,0.40595718330531205,0.3516768566031525
47.0,0.22660566900486395,0.22861299390524759,0.9149899871671667,0.9152760189770672,0.4076810911772974,0.37716840614425307
48.0,0.22567050523054258,0.22867474164957674,0.9153286161195622,0.9152952837313003,0.4094801908972537,0.38109900129444335
49.0,0.2250274277227403,0.22958567275551026,0.9155478528443184,0.9152845275768535,0.41096303520670385,0.36624536970410854
50.0,0.224985476310115,0.2282364198703153,0.9156073200619961,0.9154205046338155,0.41136227948802756,0.37795682693930527
