query_class,none,Center,Donut,Edge-Ring,Edge-Loc,Loc,Scratch,Random,Near-full
none,0.9748,0.003766666666666667,6.666666666666667e-05,0.004666666666666666,0.008333333333333333,0.005166666666666667,0.0029666666666666665,0.00023333333333333336,0.0
Center,0.19945673263484673,0.7841676367869616,0.00403570042685293,0.0005432673651532791,0.0013193636010865345,0.007916181606519208,0.0006984866123399303,0.0017074117190531625,0.00015521924718665114
Donut,0.08228228228228228,0.04924924924924925,0.703903903903904,0.0,0.01021021021021021,0.11171171171171172,0.0,0.04144144144144144,0.0012012012012012011
Edge-Ring,0.06880165289256197,0.0009297520661157025,0.0002066115702479339,0.909125344352617,0.01959366391184573,0.0007575757575757576,0.0004132231404958677,0.0001721763085399449,0.0
Edge-Loc,0.4964675658317277,0.004752729608220937,0.0007064868336544637,0.04926140012845215,0.3773281952472704,0.04906872190109184,0.007321772639691714,0.014643545279383429,0.00044958253050738603
Loc,0.5869080779944289,0.028505106778087277,0.017084493964716806,0.0019498607242339832,0.08152274837511607,0.2636954503249768,0.011234911792014857,0.009099350046425255,0.0
Scratch,0.8585774058577407,0.00920502092050209,0.0019525801952580194,0.006415620641562064,0.03458856345885634,0.03458856345885635,0.05244072524407253,0.0022315202231520223,0.0
Random,0.06705202312138728,0.036223506743737956,0.003082851637764932,0.0023121387283236996,0.03159922928709056,0.03236994219653179,0.0003853564547206166,0.8115606936416185,0.015414258188824663
Near-full,0.0,0.011111111111111112,0.0,0.0,0.006666666666666667,0.0,0.0,0.062222222222222213,0.9199999999999999
