class,query_count_mean,query_count_min,query_count_max,noisy,random_mean,random_std,baseline_mean,baseline_std,autoencoder_mean,autoencoder_std
none,2000.0,2000,2000,False,0.8516,0.0028000000000000485,0.9748000000000001,0.0018357559750685703,0.9863666666666667,0.0027428695436227464
Center,859.0,859,859,False,0.025455956538610786,0.0024895638234141166,0.7841676367869616,0.014344979558323031,0.8034148234381062,0.009600721377989181
Donut,111.0,111,111,False,0.0024024024024024023,0.002080541510593246,0.703903903903904,0.027990823297852362,0.706906906906907,0.01768460284004257
Edge-Ring,1936.0,1936,1936,False,0.05733471074380165,0.0034986971532801866,0.909125344352617,0.008864053750920649,0.9506887052341598,0.002634466315555783
Edge-Loc,1038.0,1038,1038,False,0.03102119460500963,0.0008829625616485236,0.3773281952472704,0.0060143184886881805,0.46287732819524724,0.011728602937611774
Loc,718.0,718,718,False,0.02070566388115135,0.0025881819618879033,0.2636954503249768,0.008330196775248622,0.3028783658310121,0.011519826318520074
Scratch,239.0,239,239,False,0.008647140864714088,0.004127935449637027,0.05244072524407253,0.01507050784852452,0.1207810320781032,0.0029388155517022967
Random,173.0,173,173,False,0.00809248554913295,0.004168267370478601,0.8115606936416184,0.006436721806739927,0.8258188824662813,0.02512512264000469
Near-full,30.0,30,30,True,0.0,0.0,0.92,0.024037008503093295,0.831111111111111,0.0379082713538488
macro_defects,,,,False,0.019207444323102858,0.0010385135001909187,0.6027777436876777,0.0033132213338487437,0.625559644407616,0.0027060872307689277
macro_all,,,,False,0.11169550606498031,0.0011879308776057119,0.6441135499446023,0.003115051767385626,0.6656493135475104,0.0026181226509939914
