seed,method,class,precision_at_5,query_count
42,random,none,0.8536000000000001,2000
42,random,Center,0.023282887077997673,859
42,random,Donut,0.0036036036036036037,111
42,random,Edge-Ring,0.05557851239669421,1936
42,random,Edge-Loc,0.031791907514450865,1038
42,random,Loc,0.021448467966573816,718
42,random,Scratch,0.006694560669456067,239
42,random,Random,0.011560693641618497,173
42,random,Near-full,0.0,30
42,random,macro_defects,0.019245079108799343,
42,random,macro_all,0.11195118143004389,
42,baseline,none,0.9735000000000001,2000
42,baseline,Center,0.80046565774156,859
42,baseline,Donut,0.6810810810810811,111
42,baseline,Edge-Ring,0.8989669421487603,1936
42,baseline,Edge-Loc,0.3842003853564547,1038
42,baseline,Loc,0.27270194986072427,718
42,baseline,Scratch,0.051882845188284524,239
42,baseline,Random,0.8104046242774566,173
42,baseline,Near-full,0.8933333333333333,30
42,baseline,macro_defects,0.5991296023734568,
42,baseline,macro_all,0.6407263132208506,
42,autoencoder,none,0.9879000000000001,2000
42,autoencoder,Center,0.8142025611175786,859
42,autoencoder,Donut,0.7171171171171173,111
42,autoencoder,Edge-Ring,0.9480371900826446,1936
42,autoencoder,Edge-Loc,0.46763005780346817,1038
42,autoencoder,Loc,0.3128133704735376,718
42,autoencoder,Scratch,0.1205020920502092,239
42,autoencoder,Random,0.8485549132947977,173
42,autoencoder,Near-full,0.8,30
42,autoencoder,macro_defects,0.6286071627424191,
42,autoencoder,macro_all,0.6685285891043725,
123,random,none,0.8484,2000
123,random,Center,0.028172293364377186,859
123,random,Donut,0.0036036036036036037,111
123,random,Edge-Ring,0.05506198347107438,1936
123,random,Edge-Loc,0.03121387283236994,1038
123,random,Loc,0.017827298050139277,718
123,random,Scratch,0.005857740585774059,239
123,random,Random,0.0034682080924855496,173
123,random,Near-full,0.0,30
123,random,macro_defects,0.018150624999978,
123,random,macro_all,0.110400555555536,
123,baseline,none,0.9740000000000001,2000
123,baseline,Center,0.7734575087310827,859
123,baseline,Donut,0.6954954954954955,111
123,baseline,Edge-Ring,0.9152892561983471,1936
123,baseline,Edge-Loc,0.37475915221579964,1038
123,baseline,Loc,0.2562674094707521,718
123,baseline,Scratch,0.06778242677824269,239
123,baseline,Random,0.8057803468208091,173
123,baseline,Near-full,0.9400000000000001,30
123,baseline,macro_defects,0.6036039494638161,
123,baseline,macro_all,0.6447590661900587,
123,autoencoder,none,0.988,2000
123,autoencoder,Center,0.80023282887078,859
123,autoencoder,Donut,0.7171171171171172,111
123,autoencoder,Edge-Ring,0.9507231404958677,1936
123,autoencoder,Edge-Loc,0.44951830443159924,1038
123,autoencoder,Loc,0.3055710306406686,718
123,autoencoder,Scratch,0.12384937238493725,239
123,autoencoder,Random,0.830057803468208,173
123,autoencoder,Near-full,0.8200000000000001,30
123,autoencoder,macro_defects,0.6246336996761472,
123,autoencoder,macro_all,0.6650077330454642,
456,random,none,0.8528000000000001,2000
456,random,Center,0.024912689173457507,859
456,random,Donut,0.0,111
456,random,Edge-Ring,0.06136363636363636,1936
456,random,Edge-Loc,0.03005780346820809,1038
456,random,Loc,0.02284122562674095,718
456,random,Scratch,0.013389121338912135,239
456,random,Random,0.009248554913294798,173
456,random,Near-full,0.0,30
456,random,macro_defects,0.02022662886053123,
456,random,macro_all,0.11273478120936109,
456,baseline,none,0.9769000000000001,2000
456,baseline,Center,0.7785797438882422,859
456,baseline,Donut,0.7351351351351352,111
456,baseline,Edge-Ring,0.9131198347107438,1936
456,baseline,Edge-Loc,0.3730250481695569,1038
456,baseline,Loc,0.26211699164345403,718
456,baseline,Scratch,0.03765690376569038,239
456,baseline,Random,0.8184971098265895,173
456,baseline,Near-full,0.9266666666666666,30
456,baseline,macro_defects,0.6055996792257599,
456,baseline,macro_all,0.6468552704228977,
456,autoencoder,none,0.9832000000000001,2000
456,autoencoder,Center,0.7958090803259603,859
456,autoencoder,Donut,0.6864864864864867,111
456,autoencoder,Edge-Ring,0.9533057851239669,1936
456,autoencoder,Edge-Loc,0.47148362235067437,1038
456,autoencoder,Loc,0.2902506963788301,718
456,autoencoder,Scratch,0.1179916317991632,239
456,autoencoder,Random,0.7988439306358381,173
456,autoencoder,Near-full,0.8733333333333333,30
456,autoencoder,macro_defects,0.6234380708042816,
456,autoencoder,macro_all,0.6634116184926948,
